filename,notes,authors,licenses,urls
body/bodies/male/hurt.png,see details at https://opengameart.org/content/lpc-character-bases; 'Thick' Male Revised Run/Climb by JaidynReiman (based on ElizaWy's LPC Revised),"bluecarrot16,JaidynReiman,Benjamin K. Smith (BenCreating),Evert,Eliza Wyatt (ElizaWy),TheraHedwig,MuffinElZangano,Durrani,Johannes Sjölund (wulax),Stephen Challener (Redshrike)","OGA-BY 3.0,CC-BY-SA 3.0,GPL 3.0","https://opengameart.org/content/liberated-pixel-cup-lpc-base-assets-sprites-map-tiles,https://opengameart.org/content/lpc-medieval-fantasy-character-sprites,https://opengameart.org/content/lpc-male-jumping-animation-by-durrani,https://opengameart.org/content/lpc-runcycle-and-diagonal-walkcycle,https://opengameart.org/content/lpc-revised-character-basics,https://opengameart.org/content/lpc-be-seated,https://opengameart.org/content/lpc-runcycle-for-male-muscular-and-pregnant-character-bases-with-modular-heads,https://opengameart.org/content/lpc-jump-expanded,https://opengameart.org/content/lpc-character-bases"
body/bodies/male/shoot.png,see details at https://opengameart.org/content/lpc-character-bases; 'Thick' Male Revised Run/Climb by JaidynReiman (based on ElizaWy's LPC Revised),"bluecarrot16,JaidynReiman,Benjamin K. Smith (BenCreating),Evert,Eliza Wyatt (ElizaWy),TheraHedwig,MuffinElZangano,Durrani,Johannes Sjölund (wulax),Stephen Challener (Redshrike)","OGA-BY 3.0,CC-BY-SA 3.0,GPL 3.0","https://opengameart.org/content/liberated-pixel-cup-lpc-base-assets-sprites-map-tiles,https://opengameart.org/content/lpc-medieval-fantasy-character-sprites,https://opengameart.org/content/lpc-male-jumping-animation-by-durrani,https://opengameart.org/content/lpc-runcycle-and-diagonal-walkcycle,https://opengameart.org/content/lpc-revised-character-basics,https://opengameart.org/content/lpc-be-seated,https://opengameart.org/content/lpc-runcycle-for-male-muscular-and-pregnant-character-bases-with-modular-heads,https://opengameart.org/content/lpc-jump-expanded,https://opengameart.org/content/lpc-character-bases"
body/bodies/male/slash.png,see details at https://opengameart.org/content/lpc-character-bases; 'Thick' Male Revised Run/Climb by JaidynReiman (based on ElizaWy's LPC Revised),"bluecarrot16,JaidynReiman,Benjamin K. Smith (BenCreating),Evert,Eliza Wyatt (ElizaWy),TheraHedwig,MuffinElZangano,Durrani,Johannes Sjölund (wulax),Stephen Challener (Redshrike)","OGA-BY 3.0,CC-BY-SA 3.0,GPL 3.0","https://opengameart.org/content/liberated-pixel-cup-lpc-base-assets-sprites-map-tiles,https://opengameart.org/content/lpc-medieval-fantasy-character-sprites,https://opengameart.org/content/lpc-male-jumping-animation-by-durrani,https://opengameart.org/content/lpc-runcycle-and-diagonal-walkcycle,https://opengameart.org/content/lpc-revised-character-basics,https://opengameart.org/content/lpc-be-seated,https://opengameart.org/content/lpc-runcycle-for-male-muscular-and-pregnant-character-bases-with-modular-heads,https://opengameart.org/content/lpc-jump-expanded,https://opengameart.org/content/lpc-character-bases"
body/bodies/male/thrust.png,see details at https://opengameart.org/content/lpc-character-bases; 'Thick' Male Revised Run/Climb by JaidynReiman (based on ElizaWy's LPC Revised),"bluecarrot16,JaidynReiman,Benjamin K. Smith (BenCreating),Evert,Eliza Wyatt (ElizaWy),TheraHedwig,MuffinElZangano,Durrani,Johannes Sjölund (wulax),Stephen Challener (Redshrike)","OGA-BY 3.0,CC-BY-SA 3.0,GPL 3.0","https://opengameart.org/content/liberated-pixel-cup-lpc-base-assets-sprites-map-tiles,https://opengameart.org/content/lpc-medieval-fantasy-character-sprites,https://opengameart.org/content/lpc-male-jumping-animation-by-durrani,https://opengameart.org/content/lpc-runcycle-and-diagonal-walkcycle,https://opengameart.org/content/lpc-revised-character-basics,https://opengameart.org/content/lpc-be-seated,https://opengameart.org/content/lpc-runcycle-for-male-muscular-and-pregnant-character-bases-with-modular-heads,https://opengameart.org/content/lpc-jump-expanded,https://opengameart.org/content/lpc-character-bases"
body/bodies/male/walk.png,see details at https://opengameart.org/content/lpc-character-bases; 'Thick' Male Revised Run/Climb by JaidynReiman (based on ElizaWy's LPC Revised),"bluecarrot16,JaidynReiman,Benjamin K. Smith (BenCreating),Evert,Eliza Wyatt (ElizaWy),TheraHedwig,MuffinElZangano,Durrani,Johannes Sjölund (wulax),Stephen Challener (Redshrike)","OGA-BY 3.0,CC-BY-SA 3.0,GPL 3.0","https://opengameart.org/content/liberated-pixel-cup-lpc-base-assets-sprites-map-tiles,https://opengameart.org/content/lpc-medieval-fantasy-character-sprites,https://opengameart.org/content/lpc-male-jumping-animation-by-durrani,https://opengameart.org/content/lpc-runcycle-and-diagonal-walkcycle,https://opengameart.org/content/lpc-revised-character-basics,https://opengameart.org/content/lpc-be-seated,https://opengameart.org/content/lpc-runcycle-for-male-muscular-and-pregnant-character-bases-with-modular-heads,https://opengameart.org/content/lpc-jump-expanded,https://opengameart.org/content/lpc-character-bases"
body/bodies/muscular/hurt.png,see details at https://opengameart.org/content/lpc-character-bases,"bluecarrot16,JaidynReiman,Evert,TheraHedwig,MuffinElZangano,Durrani,Sander Frenken (castelonia),Benjamin K. Smith (BenCreating),Eliza Wyatt (ElizaWy),dalonedrau,Stephen Challener (Redshrike)","CC-BY-SA 3.0,GPL 3.0","https://opengameart.org/content/liberated-pixel-cup-lpc-base-assets-sprites-map-tiles,https://opengameart.org/content/lpc-barbarian-sprite-base,https://opengameart.org/content/lpc-muscular-swing-animation,https://opengameart.org/content/lpc-muscular-hurt-animation,https://opengameart.org/content/lpc-jump-expanded,https://opengameart.org/content/lpc-revised-character-basics,https://opengameart.org/content/lpc-be-seated,https://opengameart.org/content/lpc-jump-expanded,https://opengameart.org/content/lpc-character-bases,https://opengameart.org/content/lpc-male-jumping-animation-by-durrani"
body/bodies/muscular/slash.png,see details at https://opengameart.org/content/lpc-character-bases,"bluecarrot16,JaidynReiman,Evert,TheraHedwig,MuffinElZangano,Durrani,Sander Frenken (castelonia),Benjamin K. Smith (BenCreating),Eliza Wyatt (ElizaWy),dalonedrau,Stephen Challener (Redshrike)","CC-BY-SA 3.0,GPL 3.0","https://opengameart.org/content/liberated-pixel-cup-lpc-base-assets-sprites-map-tiles,https://opengameart.org/content/lpc-barbarian-sprite-base,https://opengameart.org/content/lpc-muscular-swing-animation,https://opengameart.org/content/lpc-muscular-hurt-animation,https://opengameart.org/content/lpc-jump-expanded,https://opengameart.org/content/lpc-revised-character-basics,https://opengameart.org/content/lpc-be-seated,https://opengameart.org/content/lpc-jump-expanded,https://opengameart.org/content/lpc-character-bases,https://opengameart.org/content/lpc-male-jumping-animation-by-durrani"
body/bodies/muscular/walk.png,see details at https://opengameart.org/content/lpc-character-bases,"bluecarrot16,JaidynReiman,Evert,TheraHedwig,MuffinElZangano,Durrani,Sander Frenken (castelonia),Benjamin K. Smith (BenCreating),Eliza Wyatt (ElizaWy),dalonedrau,Stephen Challener (Redshrike)","CC-BY-SA 3.0,GPL 3.0","https://opengameart.org/content/liberated-pixel-cup-lpc-base-assets-sprites-map-tiles,https://opengameart.org/content/lpc-barbarian-sprite-base,https://opengameart.org/content/lpc-muscular-swing-animation,https://opengameart.org/content/lpc-muscular-hurt-animation,https://opengameart.org/content/lpc-jump-expanded,https://opengameart.org/content/lpc-revised-character-basics,https://opengameart.org/content/lpc-be-seated,https://opengameart.org/content/lpc-jump-expanded,https://opengameart.org/content/lpc-character-bases,https://opengameart.org/content/lpc-male-jumping-animation-by-durrani"
body/bodies/zombie/hurt/zombie.png, (crédits de la définition « body/bodies/zombie »),"Stephen Challener (Redshrike),Johannes Sjölund (wulax),Sander Frenken (castelonia),Benjamin K. Smith (BenCreating),bluecarrot16","OGA-BY 3.0,CC-BY-SA 3.0,GPL 3.0","https://opengameart.org/content/liberated-pixel-cup-lpc-base-assets-sprites-map-tiles,https://opengameart.org/content/lpc-medieval-fantasy-character-sprites,https://opengameart.org/content/lpc-zombie,https://opengameart.org/content/lpc-character-bases"
body/bodies/zombie/slash/zombie.png, (crédits de la définition « body/bodies/zombie »),"Stephen Challener (Redshrike),Johannes Sjölund (wulax),Sander Frenken (castelonia),Benjamin K. Smith (BenCreating),bluecarrot16","OGA-BY 3.0,CC-BY-SA 3.0,GPL 3.0","https://opengameart.org/content/liberated-pixel-cup-lpc-base-assets-sprites-map-tiles,https://opengameart.org/content/lpc-medieval-fantasy-character-sprites,https://opengameart.org/content/lpc-zombie,https://opengameart.org/content/lpc-character-bases"
body/bodies/zombie/walk/zombie.png, (crédits de la définition « body/bodies/zombie »),"Stephen Challener (Redshrike),Johannes Sjölund (wulax),Sander Frenken (castelonia),Benjamin K. Smith (BenCreating),bluecarrot16","OGA-BY 3.0,CC-BY-SA 3.0,GPL 3.0","https://opengameart.org/content/liberated-pixel-cup-lpc-base-assets-sprites-map-tiles,https://opengameart.org/content/lpc-medieval-fantasy-character-sprites,https://opengameart.org/content/lpc-zombie,https://opengameart.org/content/lpc-character-bases"
feet/shoes/basic/male/hurt.png,"original by wulax, edited for v3 base by bluecarrot16, Jump/Sit/Emote/Run/Revised Combat by JaidynReiman","JaidynReiman,bluecarrot16,Johannes Sjölund (wulax)","OGA-BY 3.0,CC-BY-SA 3.0,GPL 3.0","https://opengameart.org/content/lpc-medieval-fantasy-character-sprites,http://opengameart.org/content/lpc-clothing-updates,https://opengameart.org/content/lpc-expanded-socks-shoes"
feet/shoes/basic/male/shoot.png,"original by wulax, edited for v3 base by bluecarrot16, Jump/Sit/Emote/Run/Revised Combat by JaidynReiman","JaidynReiman,bluecarrot16,Johannes Sjölund (wulax)","OGA-BY 3.0,CC-BY-SA 3.0,GPL 3.0","https://opengameart.org/content/lpc-medieval-fantasy-character-sprites,http://opengameart.org/content/lpc-clothing-updates,https://opengameart.org/content/lpc-expanded-socks-shoes"
feet/shoes/basic/male/slash.png,"original by wulax, edited for v3 base by bluecarrot16, Jump/Sit/Emote/Run/Revised Combat by JaidynReiman","JaidynReiman,bluecarrot16,Johannes Sjölund (wulax)","OGA-BY 3.0,CC-BY-SA 3.0,GPL 3.0","https://opengameart.org/content/lpc-medieval-fantasy-character-sprites,http://opengameart.org/content/lpc-clothing-updates,https://opengameart.org/content/lpc-expanded-socks-shoes"
feet/shoes/basic/male/thrust.png,"original by wulax, edited for v3 base by bluecarrot16, Jump/Sit/Emote/Run/Revised Combat by JaidynReiman","JaidynReiman,bluecarrot16,Johannes Sjölund (wulax)","OGA-BY 3.0,CC-BY-SA 3.0,GPL 3.0","https://opengameart.org/content/lpc-medieval-fantasy-character-sprites,http://opengameart.org/content/lpc-clothing-updates,https://opengameart.org/content/lpc-expanded-socks-shoes"
feet/shoes/basic/male/walk.png,"original by wulax, edited for v3 base by bluecarrot16, Jump/Sit/Emote/Run/Revised Combat by JaidynReiman","JaidynReiman,bluecarrot16,Johannes Sjölund (wulax)","OGA-BY 3.0,CC-BY-SA 3.0,GPL 3.0","https://opengameart.org/content/lpc-medieval-fantasy-character-sprites,http://opengameart.org/content/lpc-clothing-updates,https://opengameart.org/content/lpc-expanded-socks-shoes"
hair/plain/adult/hurt.png,,"JaidynReiman,Manuel Riecke (MrBeast),Joe White","OGA-BY 3.0,CC-BY-SA 3.0,GPL 3.0","https://opengameart.org/content/liberated-pixel-cup-lpc-base-assets-sprites-map-tiles,https://opengameart.org/content/ponytail-and-plain-hairstyles,https://opengameart.org/content/lpc-expanded-hair"
hair/plain/adult/shoot.png,,"JaidynReiman,Manuel Riecke (MrBeast),Joe White","OGA-BY 3.0,CC-BY-SA 3.0,GPL 3.0","https://opengameart.org/content/liberated-pixel-cup-lpc-base-assets-sprites-map-tiles,https://opengameart.org/content/ponytail-and-plain-hairstyles,https://opengameart.org/content/lpc-expanded-hair"
hair/plain/adult/slash.png,,"JaidynReiman,Manuel Riecke (MrBeast),Joe White","OGA-BY 3.0,CC-BY-SA 3.0,GPL 3.0","https://opengameart.org/content/liberated-pixel-cup-lpc-base-assets-sprites-map-tiles,https://opengameart.org/content/ponytail-and-plain-hairstyles,https://opengameart.org/content/lpc-expanded-hair"
hair/plain/adult/thrust.png,,"JaidynReiman,Manuel Riecke (MrBeast),Joe White","OGA-BY 3.0,CC-BY-SA 3.0,GPL 3.0","https://opengameart.org/content/liberated-pixel-cup-lpc-base-assets-sprites-map-tiles,https://opengameart.org/content/ponytail-and-plain-hairstyles,https://opengameart.org/content/lpc-expanded-hair"
hair/plain/adult/walk.png,,"JaidynReiman,Manuel Riecke (MrBeast),Joe White","OGA-BY 3.0,CC-BY-SA 3.0,GPL 3.0","https://opengameart.org/content/liberated-pixel-cup-lpc-base-assets-sprites-map-tiles,https://opengameart.org/content/ponytail-and-plain-hairstyles,https://opengameart.org/content/lpc-expanded-hair"
head/heads/frankenstein/adult/hurt.png,"original head by Redshrike, frankenstein's monster version by bluecarrot16","Stephen Challener (Redshrike),bluecarrot16","OGA-BY 3.0,CC-BY-SA 3.0,GPL 3.0","https://opengameart.org/content/liberated-pixel-cup-lpc-base-assets-sprites-map-tiles,https://opengameart.org/content/lpc-folk"
head/heads/frankenstein/adult/slash.png,"original head by Redshrike, frankenstein's monster version by bluecarrot16","Stephen Challener (Redshrike),bluecarrot16","OGA-BY 3.0,CC-BY-SA 3.0,GPL 3.0","https://opengameart.org/content/liberated-pixel-cup-lpc-base-assets-sprites-map-tiles,https://opengameart.org/content/lpc-folk"
head/heads/frankenstein/adult/walk.png,"original head by Redshrike, frankenstein's monster version by bluecarrot16","Stephen Challener (Redshrike),bluecarrot16","OGA-BY 3.0,CC-BY-SA 3.0,GPL 3.0","https://opengameart.org/content/liberated-pixel-cup-lpc-base-assets-sprites-map-tiles,https://opengameart.org/content/lpc-folk"
head/heads/human/male/hurt.png,"original head by Redshrike, tweaks by BenCreating, modular version by bluecarrot16","bluecarrot16,Benjamin K. Smith (BenCreating),Stephen Challener (Redshrike)","OGA-BY 3.0,CC-BY-SA 3.0,GPL 3.0","https://opengameart.org/content/liberated-pixel-cup-lpc-base-assets-sprites-map-tiles,https://opengameart.org/content/lpc-character-bases"
head/heads/human/male/shoot.png,"original head by Redshrike, tweaks by BenCreating, modular version by bluecarrot16","bluecarrot16,Benjamin K. Smith (BenCreating),Stephen Challener (Redshrike)","OGA-BY 3.0,CC-BY-SA 3.0,GPL 3.0","https://opengameart.org/content/liberated-pixel-cup-lpc-base-assets-sprites-map-tiles,https://opengameart.org/content/lpc-character-bases"
head/heads/human/male/slash.png,"original head by Redshrike, tweaks by BenCreating, modular version by bluecarrot16","bluecarrot16,Benjamin K. Smith (BenCreating),Stephen Challener (Redshrike)","OGA-BY 3.0,CC-BY-SA 3.0,GPL 3.0","https://opengameart.org/content/liberated-pixel-cup-lpc-base-assets-sprites-map-tiles,https://opengameart.org/content/lpc-character-bases"
head/heads/human/male/thrust.png,"original head by Redshrike, tweaks by BenCreating, modular version by bluecarrot16","bluecarrot16,Benjamin K. Smith (BenCreating),Stephen Challener (Redshrike)","OGA-BY 3.0,CC-BY-SA 3.0,GPL 3.0","https://opengameart.org/content/liberated-pixel-cup-lpc-base-assets-sprites-map-tiles,https://opengameart.org/content/lpc-character-bases"
head/heads/human/male/walk.png,"original head by Redshrike, tweaks by BenCreating, modular version by bluecarrot16","bluecarrot16,Benjamin K. Smith (BenCreating),Stephen Challener (Redshrike)","OGA-BY 3.0,CC-BY-SA 3.0,GPL 3.0","https://opengameart.org/content/liberated-pixel-cup-lpc-base-assets-sprites-map-tiles,https://opengameart.org/content/lpc-character-bases"
head/heads/zombie/adult/hurt.png,,"bluecarrot16,Benjamin K. Smith (BenCreating),Sander Frenken (castelonia),Stephen Challener (Redshrike)","CC-BY-SA 3.0,GPL 3.0","https://opengameart.org/content/liberated-pixel-cup-lpc-base-assets-sprites-map-tiles,https://opengameart.org/content/lpc-zombie,https://opengameart.org/content/lpc-character-bases"
head/heads/zombie/adult/slash.png,,"bluecarrot16,Benjamin K. Smith (BenCreating),Sander Frenken (castelonia),Stephen Challener (Redshrike)","CC-BY-SA 3.0,GPL 3.0","https://opengameart.org/content/liberated-pixel-cup-lpc-base-assets-sprites-map-tiles,https://opengameart.org/content/lpc-zombie,https://opengameart.org/content/lpc-character-bases"
head/heads/zombie/adult/walk.png,,"bluecarrot16,Benjamin K. Smith (BenCreating),Sander Frenken (castelonia),Stephen Challener (Redshrike)","CC-BY-SA 3.0,GPL 3.0","https://opengameart.org/content/liberated-pixel-cup-lpc-base-assets-sprites-map-tiles,https://opengameart.org/content/lpc-zombie,https://opengameart.org/content/lpc-character-bases"
legs/pants/male/hurt.png,"original male pants by wulax, recolors and edits to v3 base by bluecarrot16, climb/jump/run/sit/emotes/revised combat by JaidynReiman based on ElizaWy's LPC Revised","bluecarrot16,JaidynReiman,ElizaWy,Matthew Krohn (makrohn),Johannes Sjölund (wulax),Stephen Challener (Redshrike)","OGA-BY 3.0,GPL 3.0,CC-BY-SA 3.0","https://opengameart.org/content/liberated-pixel-cup-lpc-base-assets-sprites-map-tiles,https://opengameart.org/content/lpc-medieval-fantasy-character-sprites,https://opengameart.org/content/lpc-expanded-pants"
legs/pants/male/shoot.png,"original male pants by wulax, recolors and edits to v3 base by bluecarrot16, climb/jump/run/sit/emotes/revised combat by JaidynReiman based on ElizaWy's LPC Revised","bluecarrot16,JaidynReiman,ElizaWy,Matthew Krohn (makrohn),Johannes Sjölund (wulax),Stephen Challener (Redshrike)","OGA-BY 3.0,GPL 3.0,CC-BY-SA 3.0","https://opengameart.org/content/liberated-pixel-cup-lpc-base-assets-sprites-map-tiles,https://opengameart.org/content/lpc-medieval-fantasy-character-sprites,https://opengameart.org/content/lpc-expanded-pants"
legs/pants/male/slash.png,"original male pants by wulax, recolors and edits to v3 base by bluecarrot16, climb/jump/run/sit/emotes/revised combat by JaidynReiman based on ElizaWy's LPC Revised","bluecarrot16,JaidynReiman,ElizaWy,Matthew Krohn (makrohn),Johannes Sjölund (wulax),Stephen Challener (Redshrike)","OGA-BY 3.0,GPL 3.0,CC-BY-SA 3.0","https://opengameart.org/content/liberated-pixel-cup-lpc-base-assets-sprites-map-tiles,https://opengameart.org/content/lpc-medieval-fantasy-character-sprites,https://opengameart.org/content/lpc-expanded-pants"
legs/pants/male/thrust.png,"original male pants by wulax, recolors and edits to v3 base by bluecarrot16, climb/jump/run/sit/emotes/revised combat by JaidynReiman based on ElizaWy's LPC Revised","bluecarrot16,JaidynReiman,ElizaWy,Matthew Krohn (makrohn),Johannes Sjölund (wulax),Stephen Challener (Redshrike)","OGA-BY 3.0,GPL 3.0,CC-BY-SA 3.0","https://opengameart.org/content/liberated-pixel-cup-lpc-base-assets-sprites-map-tiles,https://opengameart.org/content/lpc-medieval-fantasy-character-sprites,https://opengameart.org/content/lpc-expanded-pants"
legs/pants/male/walk.png,"original male pants by wulax, recolors and edits to v3 base by bluecarrot16, climb/jump/run/sit/emotes/revised combat by JaidynReiman based on ElizaWy's LPC Revised","bluecarrot16,JaidynReiman,ElizaWy,Matthew Krohn (makrohn),Johannes Sjölund (wulax),Stephen Challener (Redshrike)","OGA-BY 3.0,GPL 3.0,CC-BY-SA 3.0","https://opengameart.org/content/liberated-pixel-cup-lpc-base-assets-sprites-map-tiles,https://opengameart.org/content/lpc-medieval-fantasy-character-sprites,https://opengameart.org/content/lpc-expanded-pants"
legs/pants/muscular/hurt.png,"original muscular pants by ElizaWy, muscular by dalonedrau, cast and thrust frames by JaidynReiman","ElizaWy,JaidynReiman,dalonedrau,Johannes Sjölund (wulax),Stephen Challener (Redshrike)","CC-BY-SA 3.0,GPL 3.0","https://opengameart.org/content/lpc-muscular-pants,https://opengameart.org/content/lpc-muscular-swing-animation,https://opengameart.org/content/lpc-muscular-hurt-animation"
legs/pants/muscular/slash.png,"original muscular pants by ElizaWy, muscular by dalonedrau, cast and thrust frames by JaidynReiman","ElizaWy,JaidynReiman,dalonedrau,Johannes Sjölund (wulax),Stephen Challener (Redshrike)","CC-BY-SA 3.0,GPL 3.0","https://opengameart.org/content/lpc-muscular-pants,https://opengameart.org/content/lpc-muscular-swing-animation,https://opengameart.org/content/lpc-muscular-hurt-animation"
legs/pants/muscular/walk.png,"original muscular pants by ElizaWy, muscular by dalonedrau, cast and thrust frames by JaidynReiman","ElizaWy,JaidynReiman,dalonedrau,Johannes Sjölund (wulax),Stephen Challener (Redshrike)","CC-BY-SA 3.0,GPL 3.0","https://opengameart.org/content/lpc-muscular-pants,https://opengameart.org/content/lpc-muscular-swing-animation,https://opengameart.org/content/lpc-muscular-hurt-animation"
tools/axe/bg.png,"original by bluecarrot16, color reduced by JaidynReiman","bluecarrot16,JaidynReiman,Pierre Vigier (pvigier),Tuomo Untinen (reemax)","OGA-BY-3.0,CC-BY 4.0,CC-BY-SA 3.0+,GPL 2.0+",https://opengameart.org/content/lpc-hand-tools
tools/axe/fg.png,"original by bluecarrot16, color reduced by JaidynReiman","bluecarrot16,JaidynReiman,Pierre Vigier (pvigier),Tuomo Untinen (reemax)","OGA-BY-3.0,CC-BY 4.0,CC-BY-SA 3.0+,GPL 2.0+",https://opengameart.org/content/lpc-hand-tools
tools/axe/male/walk.png,"original by bluecarrot16, color reduced by JaidynReiman","bluecarrot16,JaidynReiman,Pierre Vigier (pvigier),Tuomo Untinen (reemax)","OGA-BY-3.0,CC-BY 4.0,CC-BY-SA 3.0+,GPL 2.0+",https://opengameart.org/content/lpc-hand-tools
tools/hammer/bg.png,"original by bluecarrot16, color reduced by JaidynReiman","bluecarrot16,JaidynReiman,Pierre Vigier (pvigier),Tuomo Untinen (reemax)","OGA-BY-3.0,CC-BY 4.0,CC-BY-SA 3.0+,GPL 2.0+",https://opengameart.org/content/lpc-hand-tools
tools/hammer/fg.png,"original by bluecarrot16, color reduced by JaidynReiman","bluecarrot16,JaidynReiman,Pierre Vigier (pvigier),Tuomo Untinen (reemax)","OGA-BY-3.0,CC-BY 4.0,CC-BY-SA 3.0+,GPL 2.0+",https://opengameart.org/content/lpc-hand-tools
tools/hammer/male/walk.png,"original by bluecarrot16, color reduced by JaidynReiman","bluecarrot16,JaidynReiman,Pierre Vigier (pvigier),Tuomo Untinen (reemax)","OGA-BY-3.0,CC-BY 4.0,CC-BY-SA 3.0+,GPL 2.0+",https://opengameart.org/content/lpc-hand-tools
tools/pickaxe/bg.png,"original by bluecarrot16, color reduced by JaidynReiman","bluecarrot16,JaidynReiman,Pierre Vigier (pvigier),Tuomo Untinen (reemax)","OGA-BY-3.0,CC-BY 4.0,CC-BY-SA 3.0+,GPL 2.0+",https://opengameart.org/content/lpc-hand-tools
tools/pickaxe/fg.png,"original by bluecarrot16, color reduced by JaidynReiman","bluecarrot16,JaidynReiman,Pierre Vigier (pvigier),Tuomo Untinen (reemax)","OGA-BY-3.0,CC-BY 4.0,CC-BY-SA 3.0+,GPL 2.0+",https://opengameart.org/content/lpc-hand-tools
tools/pickaxe/male/walk.png,"original by bluecarrot16, color reduced by JaidynReiman","bluecarrot16,JaidynReiman,Pierre Vigier (pvigier),Tuomo Untinen (reemax)","OGA-BY-3.0,CC-BY 4.0,CC-BY-SA 3.0+,GPL 2.0+",https://opengameart.org/content/lpc-hand-tools
torso/armour/leather/male/hurt.png,"adapted to v3 bases by bluecarrot16, reduced colors and climb/emote/jump by JaidynReiman","Johannes Sjölund (wulax),bluecarrot16,JaidynReiman","OGA-BY 3.0,CC-BY-SA 3.0,GPL 3.0","https://opengameart.org/content/lpc-medieval-fantasy-character-sprites,https://opengameart.org/content/lpc-clothing-updates,https://opengameart.org/content/lpc-expanded-armor"
torso/armour/leather/male/shoot.png,"adapted to v3 bases by bluecarrot16, reduced colors and climb/emote/jump by JaidynReiman","Johannes Sjölund (wulax),bluecarrot16,JaidynReiman","OGA-BY 3.0,CC-BY-SA 3.0,GPL 3.0","https://opengameart.org/content/lpc-medieval-fantasy-character-sprites,https://opengameart.org/content/lpc-clothing-updates,https://opengameart.org/content/lpc-expanded-armor"
torso/armour/leather/male/slash.png,"adapted to v3 bases by bluecarrot16, reduced colors and climb/emote/jump by JaidynReiman","Johannes Sjölund (wulax),bluecarrot16,JaidynReiman","OGA-BY 3.0,CC-BY-SA 3.0,GPL 3.0","https://opengameart.org/content/lpc-medieval-fantasy-character-sprites,https://opengameart.org/content/lpc-clothing-updates,https://opengameart.org/content/lpc-expanded-armor"
torso/armour/leather/male/thrust.png,"adapted to v3 bases by bluecarrot16, reduced colors and climb/emote/jump by JaidynReiman","Johannes Sjölund (wulax),bluecarrot16,JaidynReiman","OGA-BY 3.0,CC-BY-SA 3.0,GPL 3.0","https://opengameart.org/content/lpc-medieval-fantasy-character-sprites,https://opengameart.org/content/lpc-clothing-updates,https://opengameart.org/content/lpc-expanded-armor"
torso/armour/leather/male/walk.png,"adapted to v3 bases by bluecarrot16, reduced colors and climb/emote/jump by JaidynReiman","Johannes Sjölund (wulax),bluecarrot16,JaidynReiman","OGA-BY 3.0,CC-BY-SA 3.0,GPL 3.0","https://opengameart.org/content/lpc-medieval-fantasy-character-sprites,https://opengameart.org/content/lpc-clothing-updates,https://opengameart.org/content/lpc-expanded-armor"
torso/armour/plate/male/hurt.png,"original by wulax, recolor by bigbeargames, color reduced to 7 colors and adapted to v3 bases by bluecarrot16, run/jump/sit/climb/revised combat by JaidynReiman, reduced colors to 6 (based on Napsio's Vitruvian)","Napsio (Vitruvian Studio),JaidynReiman,bluecarrot16,Michael Whitlock (bigbeargames),Johannes Sjölund (wulax)","OGA-BY 3.0,CC-BY-SA 3.0,GPL 3.0","https://opengameart.org/content/lpc-medieval-fantasy-character-sprites,https://opengameart.org/content/lpc-combat-armor-for-women"
torso/armour/plate/male/shoot.png,"original by wulax, recolor by bigbeargames, color reduced to 7 colors and adapted to v3 bases by bluecarrot16, run/jump/sit/climb/revised combat by JaidynReiman, reduced colors to 6 (based on Napsio's Vitruvian)","Napsio (Vitruvian Studio),JaidynReiman,bluecarrot16,Michael Whitlock (bigbeargames),Johannes Sjölund (wulax)","OGA-BY 3.0,CC-BY-SA 3.0,GPL 3.0","https://opengameart.org/content/lpc-medieval-fantasy-character-sprites,https://opengameart.org/content/lpc-combat-armor-for-women"
torso/armour/plate/male/slash.png,"original by wulax, recolor by bigbeargames, color reduced to 7 colors and adapted to v3 bases by bluecarrot16, run/jump/sit/climb/revised combat by JaidynReiman, reduced colors to 6 (based on Napsio's Vitruvian)","Napsio (Vitruvian Studio),JaidynReiman,bluecarrot16,Michael Whitlock (bigbeargames),Johannes Sjölund (wulax)","OGA-BY 3.0,CC-BY-SA 3.0,GPL 3.0","https://opengameart.org/content/lpc-medieval-fantasy-character-sprites,https://opengameart.org/content/lpc-combat-armor-for-women"
torso/armour/plate/male/thrust.png,"original by wulax, recolor by bigbeargames, color reduced to 7 colors and adapted to v3 bases by bluecarrot16, run/jump/sit/climb/revised combat by JaidynReiman, reduced colors to 6 (based on Napsio's Vitruvian)","Napsio (Vitruvian Studio),JaidynReiman,bluecarrot16,Michael Whitlock (bigbeargames),Johannes Sjölund (wulax)","OGA-BY 3.0,CC-BY-SA 3.0,GPL 3.0","https://opengameart.org/content/lpc-medieval-fantasy-character-sprites,https://opengameart.org/content/lpc-combat-armor-for-women"
torso/armour/plate/male/walk.png,"original by wulax, recolor by bigbeargames, color reduced to 7 colors and adapted to v3 bases by bluecarrot16, run/jump/sit/climb/revised combat by JaidynReiman, reduced colors to 6 (based on Napsio's Vitruvian)","Napsio (Vitruvian Studio),JaidynReiman,bluecarrot16,Michael Whitlock (bigbeargames),Johannes Sjölund (wulax)","OGA-BY 3.0,CC-BY-SA 3.0,GPL 3.0","https://opengameart.org/content/lpc-medieval-fantasy-character-sprites,https://opengameart.org/content/lpc-combat-armor-for-women"
torso/clothes/longsleeve/longsleeve2_buttoned/male/hurt.png,original by ElizaWy; spellcast/thrust/shoot/hurt/male adapted from original by JaidynReiman,"ElizaWy,JaidynReiman,Stephen Challener (Redshrike),Johannes Sjölund (wulax)",OGA-BY 3.0,"http://opengameart.org/content/lpc-revised-character-basics,https://github.com/ElizaWy/LPC/tree/main/Characters/Clothing,https://opengameart.org/content/lpc-expanded-sit-run-jump-more,https://opengameart.org/content/lpc-expanded-simple-shirts"
torso/clothes/longsleeve/longsleeve2_buttoned/male/shoot.png,original by ElizaWy; spellcast/thrust/shoot/hurt/male adapted from original by JaidynReiman,"ElizaWy,JaidynReiman,Stephen Challener (Redshrike),Johannes Sjölund (wulax)",OGA-BY 3.0,"http://opengameart.org/content/lpc-revised-character-basics,https://github.com/ElizaWy/LPC/tree/main/Characters/Clothing,https://opengameart.org/content/lpc-expanded-sit-run-jump-more,https://opengameart.org/content/lpc-expanded-simple-shirts"
torso/clothes/longsleeve/longsleeve2_buttoned/male/slash.png,original by ElizaWy; spellcast/thrust/shoot/hurt/male adapted from original by JaidynReiman,"ElizaWy,JaidynReiman,Stephen Challener (Redshrike),Johannes Sjölund (wulax)",OGA-BY 3.0,"http://opengameart.org/content/lpc-revised-character-basics,https://github.com/ElizaWy/LPC/tree/main/Characters/Clothing,https://opengameart.org/content/lpc-expanded-sit-run-jump-more,https://opengameart.org/content/lpc-expanded-simple-shirts"
torso/clothes/longsleeve/longsleeve2_buttoned/male/thrust.png,original by ElizaWy; spellcast/thrust/shoot/hurt/male adapted from original by JaidynReiman,"ElizaWy,JaidynReiman,Stephen Challener (Redshrike),Johannes Sjölund (wulax)",OGA-BY 3.0,"http://opengameart.org/content/lpc-revised-character-basics,https://github.com/ElizaWy/LPC/tree/main/Characters/Clothing,https://opengameart.org/content/lpc-expanded-sit-run-jump-more,https://opengameart.org/content/lpc-expanded-simple-shirts"
torso/clothes/longsleeve/longsleeve2_buttoned/male/walk.png,original by ElizaWy; spellcast/thrust/shoot/hurt/male adapted from original by JaidynReiman,"ElizaWy,JaidynReiman,Stephen Challener (Redshrike),Johannes Sjölund (wulax)",OGA-BY 3.0,"http://opengameart.org/content/lpc-revised-character-basics,https://github.com/ElizaWy/LPC/tree/main/Characters/Clothing,https://opengameart.org/content/lpc-expanded-sit-run-jump-more,https://opengameart.org/content/lpc-expanded-simple-shirts"
weapon/blunt/club/background/club.png, (crédits de la définition « weapon/blunt/club »),bluecarrot16,"OGA-BY 3.0+,GPL 3.0,CC-BY 4.0",https://opengameart.org/content/lpc-more-weapons
weapon/blunt/club/club.png, (crédits de la définition « weapon/blunt/club »),bluecarrot16,"OGA-BY 3.0+,GPL 3.0,CC-BY 4.0",https://opengameart.org/content/lpc-more-weapons
weapon/polearm/spear/background/thrust/spear.png,"original by wulax, walk animations redone by pvigier, split into layers and tweaked for v3 character bases by bluecarrot16 (crédits de la définition « weapon/polearm/spear »)","Pierre Vigier (pvigier),Johannes Sjölund (wulax),Inboxninja",CC-BY-SA 3.0,"https://opengameart.org/content/lpc-medieval-fantasy-character-sprites,https://opengameart.org/content/lpc-spear-and-shovel-reworked"
weapon/polearm/spear/background/walk/spear.png,"original by wulax, walk animations redone by pvigier, split into layers and tweaked for v3 character bases by bluecarrot16 (crédits de la définition « weapon/polearm/spear »)","Pierre Vigier (pvigier),Johannes Sjölund (wulax),Inboxninja",CC-BY-SA 3.0,"https://opengameart.org/content/lpc-medieval-fantasy-character-sprites,https://opengameart.org/content/lpc-spear-and-shovel-reworked"
weapon/polearm/spear/foreground/thrust/spear.png,"original by wulax, walk animations redone by pvigier, split into layers and tweaked for v3 character bases by bluecarrot16 (crédits de la définition « weapon/polearm/spear »)","Pierre Vigier (pvigier),Johannes Sjölund (wulax),Inboxninja",CC-BY-SA 3.0,"https://opengameart.org/content/lpc-medieval-fantasy-character-sprites,https://opengameart.org/content/lpc-spear-and-shovel-reworked"
weapon/polearm/spear/foreground/walk/spear.png,"original by wulax, walk animations redone by pvigier, split into layers and tweaked for v3 character bases by bluecarrot16 (crédits de la définition « weapon/polearm/spear »)","Pierre Vigier (pvigier),Johannes Sjölund (wulax),Inboxninja",CC-BY-SA 3.0,"https://opengameart.org/content/lpc-medieval-fantasy-character-sprites,https://opengameart.org/content/lpc-spear-and-shovel-reworked"
weapon/ranged/bow/arrow/shoot/arrow.png, (crédits de la définition « weapon/ranged/bow/arrow »),Johannes Sjölund (wulax),"OGA-BY 3.0,CC-BY-SA 3.0,GPL 3.0",https://opengameart.org/content/lpc-medieval-fantasy-character-sprites
weapon/ranged/bow/normal/universal/background/shoot/normal.png,"original by wulax, walk animations by pvigier, split into layers and tweaked for v3 character bases by bluecarrot16. pvigier has agreed to license this sheet as OGA-BY 3.0+. (crédits de la définition « weapon/ranged/bow/normal »)","Johannes Sjölund (wulax),Pierre Vigier (pvigier)","OGA-BY 3.0+,GPL 3.0,CC-BY 4.0","https://opengameart.org/content/lpc-medieval-fantasy-character-sprites,https://opengameart.org/content/lpc-walk-animations-for-bows"
weapon/ranged/bow/normal/universal/foreground/shoot/normal.png,"original by wulax, walk animations by pvigier, split into layers and tweaked for v3 character bases by bluecarrot16. pvigier has agreed to license this sheet as OGA-BY 3.0+. (crédits de la définition « weapon/ranged/bow/normal »)","Johannes Sjölund (wulax),Pierre Vigier (pvigier)","OGA-BY 3.0+,GPL 3.0,CC-BY 4.0","https://opengameart.org/content/lpc-medieval-fantasy-character-sprites,https://opengameart.org/content/lpc-walk-animations-for-bows"
weapon/ranged/bow/normal/walk/background/normal.png,"original by wulax, walk animations by pvigier, split into layers and tweaked for v3 character bases by bluecarrot16. pvigier has agreed to license this sheet as OGA-BY 3.0+. (crédits de la définition « weapon/ranged/bow/normal »)","Johannes Sjölund (wulax),Pierre Vigier (pvigier)","OGA-BY 3.0+,GPL 3.0,CC-BY 4.0","https://opengameart.org/content/lpc-medieval-fantasy-character-sprites,https://opengameart.org/content/lpc-walk-animations-for-bows"
weapon/ranged/bow/normal/walk/foreground/normal.png,"original by wulax, walk animations by pvigier, split into layers and tweaked for v3 character bases by bluecarrot16. pvigier has agreed to license this sheet as OGA-BY 3.0+. (crédits de la définition « weapon/ranged/bow/normal »)","Johannes Sjölund (wulax),Pierre Vigier (pvigier)","OGA-BY 3.0+,GPL 3.0,CC-BY 4.0","https://opengameart.org/content/lpc-medieval-fantasy-character-sprites,https://opengameart.org/content/lpc-walk-animations-for-bows"
weapon/sword/arming/attack_slash/bg/iron.png, (crédits de la définition « weapon/sword/arming »),ElizaWy; walk and down by JaidynReiman,OGA-BY 3.0,"https://github.com/ElizaWy/LPC/tree/main/Characters/Props/Sword%2001%20-%20Arming%20Sword,https://opengameart.org/content/lpc-expanded-sit-run-jump-more"
weapon/sword/arming/attack_slash/fg/iron.png, (crédits de la définition « weapon/sword/arming »),ElizaWy; walk and down by JaidynReiman,OGA-BY 3.0,"https://github.com/ElizaWy/LPC/tree/main/Characters/Props/Sword%2001%20-%20Arming%20Sword,https://opengameart.org/content/lpc-expanded-sit-run-jump-more"
weapon/sword/arming/universal/bg/walk/iron.png, (crédits de la définition « weapon/sword/arming »),ElizaWy; walk and down by JaidynReiman,OGA-BY 3.0,"https://github.com/ElizaWy/LPC/tree/main/Characters/Props/Sword%2001%20-%20Arming%20Sword,https://opengameart.org/content/lpc-expanded-sit-run-jump-more"
weapon/sword/arming/universal/fg/walk/iron.png, (crédits de la définition « weapon/sword/arming »),ElizaWy; walk and down by JaidynReiman,OGA-BY 3.0,"https://github.com/ElizaWy/LPC/tree/main/Characters/Props/Sword%2001%20-%20Arming%20Sword,https://opengameart.org/content/lpc-expanded-sit-run-jump-more"
